{"_type":"export","__export_format":4,"__export_date":"2021-04-10T03:51:10.138Z","__export_source":"insomnia.desktop.app:v2021.2.2","resources":[{"_id":"req_b6556118bff14be8a4fd79523431addc","parentId":"fld_b045867d695a4cf3b17da070becbe9a9","modified":1617504088221,"created":1613626761920,"url":"http://osonsavdo.sd-group.uz/api/make_order","name":"makeOrder","description":"","method":"POST","body":{"mimeType":"application/json","text":"{\n\t\"products\":[{\"id\": 1, \"count\":4},{\"id\": 2, \"count\":3}],\n\t\"order_type\":\"delivery\",\n\t\"adress\":\"A Navoiy\",\n\t\"lat\":40.389420,\n\t\"lon\":71.783009,\n\t\"comment\":\"bfsbvjksfgbfdg\"\n}"},"parameters":[],"headers":[{"name":"X-API-TOKEN","value":"hhMSKZGiNWesscE0N3KEnwjUrlestJ1T","description":"","id":"pair_78c9110acb00409cb4a40fe9d9f00e77"},{"name":"Content-Type","value":"application/json","id":"pair_a57458aca88c45eaa6bdce74be74ca05"}],"authentication":{},"metaSortKey":-1613626761920,"isPrivate":false,"settingStoreCookies":true,"settingSendCookies":true,"settingDisableRenderRequestBody":false,"settingEncodeUrl":true,"settingRebuildPath":true,"settingFollowRedirects":"global","_type":"request"},{"_id":"fld_b045867d695a4cf3b17da070becbe9a9","parentId":"wrk_92f3b147cfff438b8df74c8e573383bb","modified":1613104796248,"created":1613104796248,"name":"ShopOnline","description":"","environment":{},"environmentPropertyOrder":null,"metaSortKey":-1613104796248,"_type":"request_group"},{"_id":"wrk_92f3b147cfff438b8df74c8e573383bb","parentId":null,"modified":1612727136142,"created":1612727136142,"name":"Insomnia","description":"","scope":"collection","_type":"workspace"},{"_id":"req_6ba804c5de194c03956a1edabf52de21","parentId":"fld_b045867d695a4cf3b17da070becbe9a9","modified":1617504410259,"created":1613365293402,"url":"http://osonsavdo.sd-group.uz/api/register","name":"post register","description":"","method":"POST","body":{"mimeType":"application/json","text":"{\n\t\"fullname\":\"Javohir\",\n\t\"phone\":\"998901648595\",\n\t\"password\":\"123\"\n\t}"},"parameters":[],"headers":[{"name":"Content-Type","value":"application/json","id":"pair_3bc5253ee8fc4496b580a287b9fa664f"}],"authentication":{},"metaSortKey":-1613365293402,"isPrivate":false,"settingStoreCookies":true,"settingSendCookies":true,"settingDisableRenderRequestBody":false,"settingEncodeUrl":true,"settingRebuildPath":true,"settingFollowRedirects":"global","_type":"request"},{"_id":"req_2416a3cc7c5b4be99e998a90baf01ab5","parentId":"fld_b045867d695a4cf3b17da070becbe9a9","modified":1617504104370,"created":1613108491829,"url":"http://osonsavdo.sd-group.uz/api/get_product/2","name":"get product","description":"","method":"GET","body":{},"parameters":[],"headers":[],"authentication":{},"metaSortKey":-1613108491830,"isPrivate":false,"settingStoreCookies":true,"settingSendCookies":true,"settingDisableRenderRequestBody":false,"settingEncodeUrl":true,"settingRebuildPath":true,"settingFollowRedirects":"global","_type":"request"},{"_id":"req_89d987915f794851b28d83c0a3d60956","parentId":"fld_b045867d695a4cf3b17da070becbe9a9","modified":1617504115100,"created":1613967616751,"url":"http://osonsavdo.sd-group.uz/api/get_order/39","name":"get order_id","description":"","method":"GET","body":{},"parameters":[],"headers":[],"authentication":{},"metaSortKey":-1613108208407.875,"isPrivate":false,"settingStoreCookies":true,"settingSendCookies":true,"settingDisableRenderRequestBody":false,"settingEncodeUrl":true,"settingRebuildPath":true,"settingFollowRedirects":"global","_type":"request"},{"_id":"req_a871653655c94d1b8edf88d75e734f15","parentId":"fld_b045867d695a4cf3b17da070becbe9a9","modified":1617504126348,"created":1613930021756,"url":"http://osonsavdo.sd-group.uz/api/get_orders","name":"get orders","description":"","method":"GET","body":{},"parameters":[],"headers":[{"name":"X-API-TOKEN","value":"Qn1Vk5B9FeG4NPZrwCV1aDksmSz2MzHs","description":"","id":"pair_4f3623201062404995f9b3e031642c1c"}],"authentication":{},"metaSortKey":-1613107924985.75,"isPrivate":false,"settingStoreCookies":true,"settingSendCookies":true,"settingDisableRenderRequestBody":false,"settingEncodeUrl":true,"settingRebuildPath":true,"settingFollowRedirects":"global","_type":"request"},{"_id":"req_ae48853e32224675bc51936414406258","parentId":"fld_b045867d695a4cf3b17da070becbe9a9","modified":1617504264828,"created":1613354671073,"url":"http://osonsavdo.sd-group.uz/api/check_phone","name":"checkPhone","description":"","method":"GET","body":{},"parameters":[{"name":"phone","value":"998901648595","description":"","id":"pair_49cce68c312f45d1a13f0d6fd1de7287"},{"name":"","value":"","description":"","id":"pair_6263d6e93cf0440eaf2fe9f5f86c55d9"}],"headers":[],"authentication":{},"metaSortKey":-1613107358141.5,"isPrivate":false,"settingStoreCookies":true,"settingSendCookies":true,"settingDisableRenderRequestBody":false,"settingEncodeUrl":true,"settingRebuildPath":true,"settingFollowRedirects":"global","_type":"request"},{"_id":"req_ba93194fa3a54092bfde21dd8455ac50","parentId":"fld_b045867d695a4cf3b17da070becbe9a9","modified":1617505787242,"created":1613363510392,"url":"http://osonsavdo.sd-group.uz/api/login","name":"login","description":"","method":"GET","body":{},"parameters":[{"name":"phone","value":"993646502","description":"","id":"pair_054b8fb413984ceea529a84889eb3325"},{"name":"password","value":"123","description":"","id":"pair_6de27da04bdf47bdabb99207bd83a9eb"}],"headers":[],"authentication":{},"metaSortKey":-1613106791297.25,"isPrivate":false,"settingStoreCookies":true,"settingSendCookies":true,"settingDisableRenderRequestBody":false,"settingEncodeUrl":true,"settingRebuildPath":true,"settingFollowRedirects":"global","_type":"request"},{"_id":"req_92cbbe2e9fe640baa49927826b713fff","parentId":"fld_b045867d695a4cf3b17da070becbe9a9","modified":1617504301523,"created":1613384224467,"url":"http://osonsavdo.sd-group.uz/api/confirm","name":"confirm","description":"","method":"GET","body":{},"parameters":[{"name":"phone","value":"998901648595","description":"","id":"pair_054b8fb413984ceea529a84889eb3325"},{"name":"sms_code","value":"1111","description":"","id":"pair_6de27da04bdf47bdabb99207bd83a9eb"}],"headers":[],"authentication":{},"metaSortKey":-1613106507875.125,"isPrivate":false,"settingStoreCookies":true,"settingSendCookies":true,"settingDisableRenderRequestBody":false,"settingEncodeUrl":true,"settingRebuildPath":true,"settingFollowRedirects":"global","_type":"request"},{"_id":"req_56e06cacbff7456b85c6ee1e91241940","parentId":"fld_b045867d695a4cf3b17da070becbe9a9","modified":1617764947332,"created":1613106224453,"url":"http://osonsavdo.sd-group.uz/api/get_products/0","name":"get Products","description":"","method":"GET","body":{},"parameters":[],"headers":[{"name":"X-API-TOKEN","value":"8cJgwLRtUvrPtwF4jfWoAMnu2HjSUwS2","description":"","id":"pair_ec38ef299c7a47d28809e0411e14daa2","disabled":true}],"authentication":{},"metaSortKey":-1613106224453,"isPrivate":false,"settingStoreCookies":true,"settingSendCookies":true,"settingDisableRenderRequestBody":false,"settingEncodeUrl":true,"settingRebuildPath":true,"settingFollowRedirects":"global","_type":"request"},{"_id":"req_50e019766a2a4f0f8a4849ad7858ea64","parentId":"fld_b045867d695a4cf3b17da070becbe9a9","modified":1617538483012,"created":1617538386314,"url":"http://osonsavdo.sd-group.uz/api/get_products_by_ids","name":"get Products by ids","description":"","method":"POST","body":{"mimeType":"application/json","text":"{\n\t\"products\": [1, 3, 4]\n}"},"parameters":[],"headers":[{"name":"X-API-TOKEN","value":"8cJgwLRtUvrPtwF4jfWoAMnu2HjSUwS2","description":"","id":"pair_ec38ef299c7a47d28809e0411e14daa2","disabled":true},{"name":"Content-Type","value":"application/json","id":"pair_f338afc08fff44afbf767615cd1a98c7"}],"authentication":{},"metaSortKey":-1613105991111.5,"isPrivate":false,"settingStoreCookies":true,"settingSendCookies":true,"settingDisableRenderRequestBody":false,"settingEncodeUrl":true,"settingRebuildPath":true,"settingFollowRedirects":"global","_type":"request"},{"_id":"req_3168c4f3a1dd44239aa15253d0226742","parentId":"fld_b045867d695a4cf3b17da070becbe9a9","modified":1617504176232,"created":1613105757770,"url":"http://osonsavdo.sd-group.uz/api/get_top_products","name":"get TopProducts","description":"","method":"GET","body":{},"parameters":[],"headers":[],"authentication":{},"metaSortKey":-1613105757770,"isPrivate":false,"settingStoreCookies":true,"settingSendCookies":true,"settingDisableRenderRequestBody":false,"settingEncodeUrl":true,"settingRebuildPath":true,"settingFollowRedirects":"global","_type":"request"},{"_id":"req_62063639396a41f88da963f0ed37f047","parentId":"fld_b045867d695a4cf3b17da070becbe9a9","modified":1614224717545,"created":1613105220208,"url":"http://osonsavdo.sd-group.uz/api/get_categories","name":"Get Categories","description":"","method":"GET","body":{},"parameters":[],"headers":[],"authentication":{},"metaSortKey":-1613105220208,"isPrivate":false,"settingStoreCookies":true,"settingSendCookies":true,"settingDisableRenderRequestBody":false,"settingEncodeUrl":true,"settingRebuildPath":true,"settingFollowRedirects":"global","_type":"request"},{"_id":"req_af37e5060df04cde926d5d035ce69cde","parentId":"fld_b045867d695a4cf3b17da070becbe9a9","modified":1617506088572,"created":1613104919465,"url":"http://osonsavdo.sd-group.uz/api/get_offers","name":"Get offers","description":"","method":"GET","body":{},"parameters":[],"headers":[{"name":"","value":"","description":"","id":"pair_e1ae4b83e83444ba94a11ec007b8b50b"}],"authentication":{},"metaSortKey":-1613104919465,"isPrivate":false,"settingStoreCookies":true,"settingSendCookies":true,"settingDisableRenderRequestBody":false,"settingEncodeUrl":true,"settingRebuildPath":true,"settingFollowRedirects":"global","_type":"request"},{"_id":"env_4a07ecbe4445c664dd33b6ada592868aa103dbc5","parentId":"wrk_92f3b147cfff438b8df74c8e573383bb","modified":1612727136195,"created":1612727136195,"name":"Base Environment","data":{},"dataPropertyOrder":null,"color":null,"isPrivate":false,"metaSortKey":1612727136195,"_type":"environment"},{"_id":"jar_4a07ecbe4445c664dd33b6ada592868aa103dbc5","parentId":"wrk_92f3b147cfff438b8df74c8e573383bb","modified":1617764953428,"created":1612727136199,"name":"Default Jar","cookies":[{"key":"laravel_session","value":"CvOn8PIZPjaqeLLxfyxDliBo1OXcLARTdY6wd1eL","expires":"2021-04-07T05:09:13.000Z","maxAge":7200,"domain":"osonsavdo.sd-group.uz","path":"/","httpOnly":true,"extensions":["samesite=lax"],"hostOnly":true,"creation":"2021-04-04T02:40:04.465Z","lastAccessed":"2021-04-07T03:09:13.427Z","id":"607709773214806"}],"_type":"cookie_jar"},{"_id":"spc_6ff1698b60e5462a85a3ba215f725d93","parentId":"wrk_92f3b147cfff438b8df74c8e573383bb","modified":1612727136143,"created":1612727136143,"fileName":"Insomnia","contents":"","contentType":"yaml","_type":"api_spec"},{"_id":"env_0e814fd7a9dd413e9451f34a477c06f6","parentId":"env_4a07ecbe4445c664dd33b6ada592868aa103dbc5","modified":1615772234229,"created":1615772234229,"name":"New Environment","data":{},"dataPropertyOrder":null,"color":null,"isPrivate":false,"metaSortKey":1615772234229,"_type":"environment"}]}